,List Of Movie
1,1. The Shawshank Redemption
2,2. The Godfather
3,3. The Dark Knight
4,4. The Godfather Part II
5,5. 12 Angry Men
6,6. Schindler's List
7,7. The Lord of the Rings: The Return of the King
8,8. Pulp Fiction
9,9. The Lord of the Rings: The Fellowship of the Ring
10,"10. The Good, the Bad and the Ugly"
11,11. Forrest Gump
12,12. The Lord of the Rings: The Two Towers
13,13. Fight Club
14,14. Inception
15,15. Star Wars: Episode V - The Empire Strikes Back
16,16. The Matrix
17,17. Goodfellas
18,18. One Flew Over the Cuckoo's Nest
19,19. Se7en
20,20. Interstellar
21,21. It's a Wonderful Life
22,22. Seven Samurai
23,23. The Silence of the Lambs
24,24. Saving Private Ryan
25,25. City of God
26,Recently viewed
